{
  "project_info": {
    "project_number": "466503837671",
    "project_id": "taller3-b51e0",
    "storage_bucket": "taller3-b51e0.appspot.com"
  },
  "client": [
    {
      "client_info": {
        "mobilesdk_app_id": "1:466503837671:android:8935290758b9955729bf42",
        "android_client_info": {
          "package_name": "com.example.taller3"
        }
      },
      "oauth_client": [],
      "api_key": [
        {
          "current_key": "AIzaSyAnNWB2x63c5MQiCOSiQV2BhrReDLbdnlk"
        }
      ],
      "services": {
        "appinvite_service": {
          "other_platform_oauth_client": []
        }
      }
    }
  ],
  "configuration_version": "1"
}